{
  "project_info": {
    "project_number": "754671580928",
    "project_id": "eldoleado",
    "storage_bucket": "eldoleado.firebasestorage.app"
  },
  "client": [
    {
      "client_info": {
        "mobilesdk_app_id": "1:754671580928:android:422b83473883ae06eae5e5",
        "android_client_info": {
          "package_name": "com.eldoleado.app"
        }
      },
      "oauth_client": [],
      "api_key": [
        {
          "current_key": "AIzaSyCNuw7mCAtbJLLYoIuL74EsF0KZrVn9IOQ"
        }
      ],
      "services": {
        "appinvite_service": {
          "other_platform_oauth_client": []
        }
      }
    }
  ],
  "configuration_version": "1"
}